username,first_name,last_name
angela,Angela,Mumba
bruno,Bruno,Garcia Gonzalez
dan,Dan,Hallada
errol,Errol,Watson
jc,JC,Chang
marcus,Marcus,Wordlaw
mario,Mario,Rodriguez
matthew,Matthew,Lindsey
nosa,Nosa,Okundaye
tina,Tina,Cristobal
paul,Paul,Nicholsen
matt,Matt,Fagan
justin,Justin,Wu